"shrinkage","interaction.depth","n.minobsinnode","n.trees","Accuracy","Kappa","ROC","Sens","Spec","AUC","Precision","Recall","F","AccuracySD","KappaSD","ROCSD","SensSD","SpecSD","AUCSD","PrecisionSD","RecallSD","FSD","sp","season","climate","method"
0.1,3,20,6000,0.699020279053576,0.125034442245245,0.838856546964516,0.799985617370338,0.694197586946789,0.231018976453143,0.111088723921231,0.799985617370338,0.195083809833923,0.00397903733288213,0.00273595167470842,0.00385997556753915,0.00872302747518994,0.00426360425618418,0.012602265048326,0.00150796258154609,0.00872302747518994,0.00245139365545107,"AFS","summer","BCC-CSM1.1","gbm"
