"shrinkage","interaction.depth","n.minobsinnode","n.trees","Accuracy","Kappa","ROC","Sens","Spec","AUC","Precision","Recall","F","AccuracySD","KappaSD","ROCSD","SensSD","SpecSD","AUCSD","PrecisionSD","RecallSD","FSD","sp","season","climate","method"
0.1,5,20,2000,0.695140582004339,0.121891884765488,0.83325446301393,0.795656822914815,0.690336704824753,0.222638365618838,0.109379892799165,0.795656822914815,0.192314527018505,0.00551709110114975,0.00409425929728116,0.00668315737591668,0.0184131371502646,0.00612099232625637,0.0124231009651865,0.00218067195657941,0.0184131371502646,0.00373183620181207,"AFS","summer","CanESM2","gbm"
