"shrinkage","interaction.depth","n.minobsinnode","n.trees","Accuracy","Kappa","ROC","Sens","Spec","AUC","Precision","Recall","F","AccuracySD","KappaSD","ROCSD","SensSD","SpecSD","AUCSD","PrecisionSD","RecallSD","FSD","sp","season","climate","method"
0.1,5,20,3000,0.702475924498446,0.126347404434686,0.838668531202229,0.796390660232729,0.697989986178122,0.228333387871692,0.111879922400287,0.796390660232729,0.196192343729362,0.00468698577105627,0.00315892278513041,0.0038211238063489,0.0128899824113857,0.00516304841186502,0.0157097647779085,0.00172272922022154,0.0128899824113857,0.00285712142216756,"AFS","summer","ACCESS1-0","gbm"
