"shrinkage","interaction.depth","n.minobsinnode","n.trees","Accuracy","Kappa","ROC","Sens","Spec","AUC","Precision","Recall","F","AccuracySD","KappaSD","ROCSD","SensSD","SpecSD","AUCSD","PrecisionSD","RecallSD","FSD","sp","season","climate","method"
0.1,5,20,2000,0.701340822138883,0.125723926271819,0.8361335184387,0.796537610845903,0.696792899666778,0.222120105331508,0.111532851125064,0.796537610845903,0.195657147705888,0.00677631011240962,0.00446726340296673,0.0076676699549282,0.0193437126144563,0.00751672160209877,0.0103625460481842,0.00242620531751971,0.0193437126144563,0.0040442107842243,"AFS","summer","CMCC-CM","gbm"
