"mtry","splitrule","min.node.size","ROC","Sens","Spec","ROCSD","SensSD","SpecSD","sp","climate","season","method"
3,"gini",1,0.656243814843655,0.407039156563013,0.757898335291704,0.0350312387551021,0.0670806235990897,0.0643363390916607,"AFS","CMCC-CM","summer","rf"
4,"gini",1,0.653688654786388,0.400316083971808,0.761531652731328,0.0373168205856283,0.0670262230023948,0.0593834831640779,"AFS","CMCC-CM","summer","rf"
5,"gini",1,0.657071579832447,0.404257355643749,0.757916329791369,0.0369901274122691,0.0662661333852294,0.0630938786281754,"AFS","CMCC-CM","summer","rf"
