"size","decay","Accuracy","Kappa","ROC","Sens","Spec","AUC","Precision","Recall","F","AccuracySD","KappaSD","ROCSD","SensSD","SpecSD","AUCSD","PrecisionSD","RecallSD","FSD","sp","season","climate","method"
4,0,0.554988727046312,0.0433562249058334,0.614003721363653,0.617239547814433,0.552017470981296,0.0699852245906239,0.0758873505683407,0.617239547814433,0.108863056533732,0.343373753809155,0.0359485223905195,0.115526151963915,0.389611030365906,0.376571475460032,0.0352204123987928,0.0217435760859989,0.389611030365906,0.0475351554267514,"AFS","summer","ACCESS1-0","ann"
