"mtry","splitrule","min.node.size","Accuracy","Kappa","ROC","Sens","Spec","AUC","Precision","Recall","F","AccuracySD","KappaSD","ROCSD","SensSD","SpecSD","AUCSD","PrecisionSD","RecallSD","FSD","sp","season","climate","method"
3,"gini",1,0.690300263009556,0.123440865086818,0.839991088260576,0.816641025723899,0.684265400629204,0.232198108594238,0.110003800053674,0.816641025723899,0.193873765926423,0.00905750547819755,0.0035748798859184,0.00457739323831001,0.0161419791921698,0.0100703037951474,0.0105227492706895,0.00204496905532604,0.0161419791921698,0.00311846217248162,"AFS","summer","ACCESS1-0","rf"
