"method","select","Accuracy","Kappa","ROC","Sens","Spec","AUC","Precision","Recall","F","AccuracySD","KappaSD","ROCSD","SensSD","SpecSD","AUCSD","PrecisionSD","RecallSD","FSD","sp","season","climate"
"gam",FALSE,0.657786833907079,0.0932038856764088,0.776213166362451,0.750752044541981,0.653346172952965,0.125147263190196,0.0937638000294609,0.750752044541981,0.166704137795667,0.00507071514764217,0.0033740571668643,0.00519235648222848,0.0117395906051506,0.00531859157345108,0.00524177936712781,0.00178608381241539,0.0117395906051506,0.00303044628801141,"AFS","summer","ACCESS1-0"
