"mtry","splitrule","min.node.size","ROC","Sens","Spec","ROCSD","SensSD","SpecSD","sp","climate","season","method"
3,"gini",1,0.643317548115445,0.383910627917982,0.770791184407184,0.0372740136783975,0.0798227153330721,0.0474190845429069,"AFS","CanESM2","summer","rf"
4,"gini",1,0.639371571816034,0.384014015766781,0.768046058501262,0.0369671127801331,0.0759024291587677,0.0446356024014104,"AFS","CanESM2","summer","rf"
5,"gini",1,0.639602056517157,0.367860688334181,0.774862030989038,0.0355334421143703,0.0606199677870464,0.038921764794984,"AFS","CanESM2","summer","rf"
