"C","Accuracy","Kappa","ROC","Sens","Spec","AUC","Precision","Recall","F","AccuracySD","KappaSD","ROCSD","SensSD","SpecSD","AUCSD","PrecisionSD","RecallSD","FSD","sp","season","climate","method"
32,0.76567271124882,0.180991732434724,0.883165644642775,0.819676726282865,0.763034964154037,0.325516775351263,0.144618572808536,0.819676726282865,0.245830845019952,0.00782221490675676,0.00618481737520459,0.0045753795283261,0.0155189847247954,0.00857895230562109,0.0154744820317632,0.00373343672052086,0.0155189847247954,0.00547517573020804,"AFS","winter","ACCESS1-0","svm"
