"mtry","splitrule","min.node.size","ROC","Sens","Spec","ROCSD","SensSD","SpecSD","sp","climate","season","method"
3,"gini",1,0.663271953915489,0.392287349801037,0.766463684783949,0.0252828990691149,0.0631005459627811,0.0582611698726202,"AFS","BCC-CSM1.1","summer","rf"
4,"gini",1,0.664997156851285,0.398691881803302,0.763334894162677,0.0257046207195697,0.0714740680779487,0.0584172962588554,"AFS","BCC-CSM1.1","summer","rf"
5,"gini",1,0.662823007559476,0.397539719775525,0.765203243996111,0.0277328244510976,0.0768140701731939,0.0561088090256622,"AFS","BCC-CSM1.1","summer","rf"
