"mtry","splitrule","min.node.size","ROC","Sens","Spec","ROCSD","SensSD","SpecSD","sp","climate","season","method"
3,"gini",1,0.643951783913021,0.395829869393386,0.760117559186743,0.0508743412549606,0.0638088746693179,0.0419864313116975,"AFS","ACCESS1-0","summer","rf"
4,"gini",1,0.644266800571989,0.392049007033155,0.762824717780329,0.05111528930441,0.0699838627000106,0.048735179559169,"AFS","ACCESS1-0","summer","rf"
5,"gini",1,0.64531633512605,0.394290680721814,0.761275388682775,0.044758824544859,0.0705133826049494,0.0449934883531834,"AFS","ACCESS1-0","summer","rf"
