"shrinkage","interaction.depth","n.minobsinnode","n.trees","Accuracy","Kappa","ROC","Sens","Spec","AUC","Precision","Recall","F","AccuracySD","KappaSD","ROCSD","SensSD","SpecSD","AUCSD","PrecisionSD","RecallSD","FSD","sp","season","climate","method"
0.1,5,20,2000,0.699525674778311,0.12595493285833,0.838772214233109,0.80292139758221,0.694586867398476,0.232722276399573,0.111578864162689,0.80292139758221,0.195924002651564,0.00514311939225602,0.00231203935470889,0.00304168328767682,0.0117403277076669,0.00577482809598544,0.0118442779131071,0.00128865506054539,0.0117403277076669,0.00204784596030743,"AFS","summer","ACCESS1-0","gbm"
