"mtry","splitrule","min.node.size","ROC","Sens","Spec","ROCSD","SensSD","SpecSD","sp","climate","season","method"
3,"gini",1,0.643181690494811,0.304872632386924,0.880408023728591,0.0891439284679746,0.14130402285167,0.0557488173193973,"DMS","NorESM1-M","summer","rf"
4,"gini",1,0.650086843419422,0.347797139982628,0.852042809028831,0.0962048499274681,0.157754856460939,0.0813367915008136,"DMS","NorESM1-M","summer","rf"
5,"gini",1,0.647400653645035,0.349767000261139,0.856054491476028,0.0825897652536547,0.154950201629543,0.0899883593768982,"DMS","NorESM1-M","summer","rf"
