"shrinkage","interaction.depth","n.minobsinnode","n.trees","Accuracy","Kappa","ROC","Sens","Spec","AUC","Precision","Recall","F","AccuracySD","KappaSD","ROCSD","SensSD","SpecSD","AUCSD","PrecisionSD","RecallSD","FSD","sp","season","climate","method"
0.01,5,20,10000,0.837352273791485,0.256351327153153,0.904723843773029,0.764998374627942,0.840980874320606,0.531647369101197,0.197515652006986,0.764998374627942,0.312882495889786,0.0258214901193473,0.0301835441199086,0.0050461707603761,0.0316973916405281,0.0286365878558918,0.0290513943949857,0.022807397123841,0.0316973916405281,0.0261154168901789,"DMS","summer","CanESM2","gbm"
