"shrinkage","interaction.depth","n.minobsinnode","n.trees","Accuracy","Kappa","ROC","Sens","Spec","AUC","Precision","Recall","F","AccuracySD","KappaSD","ROCSD","SensSD","SpecSD","AUCSD","PrecisionSD","RecallSD","FSD","sp","season","climate","method"
0.01,5,20,10000,0.821789574000635,0.242975296257067,0.904024760903783,0.783327492152501,0.823717860446959,0.533737170098207,0.188243102648119,0.783327492152501,0.301338651460372,0.0417683399037795,0.0398091017383399,0.00477985044344994,0.0567473875752619,0.046664386001121,0.0293919587727787,0.029711510834976,0.0567473875752619,0.0342032255389653,"DMS","summer","EC-EARTH","gbm"
