"mtry","splitrule","min.node.size","ROC","Sens","Spec","ROCSD","SensSD","SpecSD","sp","climate","season","method"
3,"gini",1,0.641851825210263,0.307035476849845,0.88390700811893,0.0799087759918394,0.134588815293004,0.045845126064399,"DMS","BCC-CSM1.1","summer","rf"
4,"gini",1,0.649844845873993,0.331985796607527,0.860013924555709,0.0747853322063337,0.145889176900953,0.0667032493424453,"DMS","BCC-CSM1.1","summer","rf"
5,"gini",1,0.653225538561303,0.337850417598895,0.855438886345008,0.0748256967482995,0.15414795209049,0.0538585388295902,"DMS","BCC-CSM1.1","summer","rf"
