"mtry","splitrule","min.node.size","Accuracy","Kappa","ROC","Sens","Spec","AUC","Precision","Recall","F","AccuracySD","KappaSD","ROCSD","SensSD","SpecSD","AUCSD","PrecisionSD","RecallSD","FSD","sp","season","climate","method"
3,"gini",1,0.837177189152908,0.265742239276209,0.910343881291227,0.780147604100001,0.84003812770082,0.437603392307771,0.204517709071932,0.780147604100001,0.321457287073137,0.0430962276234624,0.0478988844524479,0.00400499352355259,0.0464976749903381,0.0475563507890509,0.0179748095480716,0.0357497451630023,0.0464976749903381,0.0415339492579113,"DMS","summer","MIROC-ESM","rf"
