"shrinkage","interaction.depth","n.minobsinnode","n.trees","Accuracy","Kappa","ROC","Sens","Spec","AUC","Precision","Recall","F","AccuracySD","KappaSD","ROCSD","SensSD","SpecSD","AUCSD","PrecisionSD","RecallSD","FSD","sp","season","climate","method"
0.01,5,20,10000,0.816079687421573,0.237203023928863,0.906120402883569,0.79370879427869,0.817203913741658,0.53663696096562,0.183464797403502,0.79370879427869,0.296480029513994,0.0371359099395632,0.038330052676807,0.00710280566006383,0.0450941232190775,0.0409625621231402,0.0181396587113774,0.0274168283319233,0.0450941232190775,0.0333071485166826,"DMS","summer","CMCC-CM","gbm"
