"mtry","splitrule","min.node.size","ROC","Sens","Spec","ROCSD","SensSD","SpecSD","sp","climate","season","method"
3,"gini",1,0.653527797053357,0.328414234965527,0.810741551003116,0.0420524376419074,0.177784791100141,0.207193780671609,"DMS","EC-EARTH","summer","rf"
4,"gini",1,0.655221843178451,0.344899578728616,0.808124186278781,0.036105693742947,0.225994202838105,0.221933817165308,"DMS","EC-EARTH","summer","rf"
5,"gini",1,0.65231570686325,0.33061146843484,0.820344677981183,0.0455805920419469,0.211820074692438,0.217367328612483,"DMS","EC-EARTH","summer","rf"
