"mtry","splitrule","min.node.size","ROC","Sens","Spec","ROCSD","SensSD","SpecSD","sp","climate","season","method"
3,"gini",1,0.65711534914345,0.423094951525339,0.787109860016978,0.0521019383004986,0.152491798868965,0.155874465593635,"DMS","CanESM2","summer","rf"
4,"gini",1,0.65536518299655,0.408793766266278,0.797464299059937,0.0418400372861146,0.152626155292038,0.15843678285435,"DMS","CanESM2","summer","rf"
5,"gini",1,0.646506828234494,0.379901144850334,0.797687351648732,0.051070707864943,0.16300900084917,0.174963951728387,"DMS","CanESM2","summer","rf"
