"shrinkage","interaction.depth","n.minobsinnode","n.trees","Accuracy","Kappa","ROC","Sens","Spec","AUC","Precision","Recall","F","AccuracySD","KappaSD","ROCSD","SensSD","SpecSD","AUCSD","PrecisionSD","RecallSD","FSD","sp","season","climate","method"
0.1,5,20,1000,0.819064529666206,0.24154724195108,0.903941185495363,0.781276983715804,0.820961231010286,0.528592815095096,0.187889616334108,0.781276983715804,0.300086975086909,0.0488216132033539,0.0500084338062926,0.0056368140512574,0.0544854730372632,0.0538916448562481,0.020917775200527,0.0363785220491457,0.0544854730372632,0.0432927867466721,"DMS","summer","NorESM1-M","gbm"
