"mtry","splitrule","min.node.size","ROC","Sens","Spec","ROCSD","SensSD","SpecSD","sp","climate","season","method"
3,"gini",1,0.643850110826082,0.360166080300442,0.836573764507264,0.075329216620432,0.125588030913297,0.0786188477492045,"DMS","MIROC-ESM","summer","rf"
4,"gini",1,0.652031516645275,0.403220851211288,0.817556567641703,0.0720673087986627,0.152552235995794,0.0984219900395879,"DMS","MIROC-ESM","summer","rf"
5,"gini",1,0.641196679336388,0.380938906562705,0.824621351635746,0.0766114994404273,0.139508645476064,0.0939132034605531,"DMS","MIROC-ESM","summer","rf"
