"shrinkage","interaction.depth","n.minobsinnode","n.trees","Accuracy","Kappa","ROC","Sens","Spec","AUC","Precision","Recall","F","AccuracySD","KappaSD","ROCSD","SensSD","SpecSD","AUCSD","PrecisionSD","RecallSD","FSD","sp","season","climate","method"
0.1,5,20,2000,0.807937983840424,0.228466237810249,0.905169359320114,0.799605847275978,0.808357734881554,0.528015352490986,0.177435173901442,0.799605847275978,0.288860585929359,0.0372347539439389,0.0367711797218173,0.00618746784655373,0.0454927672808375,0.041277976702937,0.0191865927758964,0.0265311292110681,0.0454927672808375,0.0318204772310534,"DMS","summer","BCC-CSM1.1","gbm"
