"shrinkage","interaction.depth","n.minobsinnode","n.trees","Accuracy","Kappa","ROC","Sens","Spec","AUC","Precision","Recall","F","AccuracySD","KappaSD","ROCSD","SensSD","SpecSD","AUCSD","PrecisionSD","RecallSD","FSD","sp","season","climate","method"
0.01,5,20,10000,0.80421779904639,0.221952770064745,0.901987027141327,0.798792399353915,0.80449025247683,0.521479658898555,0.17265309801919,0.798792399353915,0.283080878039775,0.0320501966690097,0.0265028421596075,0.0034362129482273,0.036921635435954,0.0354884859278103,0.0177411932960424,0.0183172634450805,0.036921635435954,0.0227784107223153,"DMS","summer","GISS-E2-H-CC","gbm"
