"shrinkage","interaction.depth","n.minobsinnode","n.trees","Accuracy","Kappa","ROC","Sens","Spec","AUC","Precision","Recall","F","AccuracySD","KappaSD","ROCSD","SensSD","SpecSD","AUCSD","PrecisionSD","RecallSD","FSD","sp","season","climate","method"
0.01,5,20,10000,0.843691456881981,0.264309397466056,0.905443930902455,0.756575645831429,0.848062324719464,0.522846665442373,0.203722215122564,0.756575645831429,0.319765517427193,0.0278697137141692,0.0351460540600153,0.00659484832257883,0.031037274248407,0.0305510566229324,0.016804067873752,0.0259879995999014,0.031037274248407,0.0306509336993537,"DMS","summer","MIROC-ESM","gbm"
