"mtry","splitrule","min.node.size","ROC","Sens","Spec","ROCSD","SensSD","SpecSD","sp","climate","season","method"
3,"gini",1,0.659758822996386,0.331171956200787,0.851590915542192,0.0557394190680741,0.13426416827788,0.0841117008952978,"DMS","GISS-E2-H-CC","summer","rf"
4,"gini",1,0.651812492722402,0.329229722487172,0.846253262648806,0.0593181680657194,0.135354940124625,0.0881747428920011,"DMS","GISS-E2-H-CC","summer","rf"
5,"gini",1,0.655814196158582,0.375269767540158,0.81823625331434,0.061735065864144,0.138706693488263,0.0972528634245586,"DMS","GISS-E2-H-CC","summer","rf"
