"mtry","splitrule","min.node.size","ROC","Sens","Spec","ROCSD","SensSD","SpecSD","sp","climate","season","method"
3,"gini",1,0.610308627761103,0.304570908292536,0.875855107837009,0.0709191148904735,0.111940985963505,0.0539225604632482,"DMS","ACCESS1-0","summer","rf"
4,"gini",1,0.615407715207628,0.313851762568947,0.858947878053753,0.0541274825737386,0.127136883377292,0.0827289969945188,"DMS","ACCESS1-0","summer","rf"
5,"gini",1,0.614779619231173,0.322828440746901,0.85573175112955,0.0658665160518896,0.142919148564785,0.0916730529917853,"DMS","ACCESS1-0","summer","rf"
