"shrinkage","interaction.depth","n.minobsinnode","n.trees","Accuracy","Kappa","ROC","Sens","Spec","AUC","Precision","Recall","F","AccuracySD","KappaSD","ROCSD","SensSD","SpecSD","AUCSD","PrecisionSD","RecallSD","FSD","sp","season","climate","method"
0.01,5,20,10000,0.814507309891048,0.233410587713195,0.906080829463197,0.790186054307744,0.815727867550097,0.536314509296804,0.180841174316374,0.790186054307744,0.293076714333321,0.0344492047297557,0.0342544535947602,0.0082928975555671,0.0363728384901013,0.0377712932825046,0.0320790092328374,0.0241787818590667,0.0363728384901013,0.0296740205125865,"DMS","summer","ACCESS1-0","gbm"
