"mtry","splitrule","min.node.size","ROC","Sens","Spec","ROCSD","SensSD","SpecSD","sp","climate","season","method"
3,"gini",1,0.739096467270371,0.57498223952297,0.751184172907196,0.0900313841656773,0.244845746566913,0.113489198956899,"IYA","ACCESS1-0","summer","rf"
4,"gini",1,0.739265319472306,0.584571878592498,0.744730865855637,0.0836578178815718,0.21710906099488,0.104755267233858,"IYA","ACCESS1-0","summer","rf"
5,"gini",1,0.72220878162642,0.546403647505261,0.741271259194121,0.105686304545177,0.226102397526752,0.0844869984455327,"IYA","ACCESS1-0","summer","rf"
