"shrinkage","interaction.depth","n.minobsinnode","n.trees","Accuracy","Kappa","ROC","Sens","Spec","AUC","Precision","Recall","F","AccuracySD","KappaSD","ROCSD","SensSD","SpecSD","AUCSD","PrecisionSD","RecallSD","FSD","sp","season","climate","method"
0.01,3,20,3000,0.817012956294984,0.261815415882693,0.922022555506901,0.846907993966817,0.815437153139091,0.420605471532048,0.199942618549452,0.846907993966817,0.322635325344094,0.0276039208646522,0.0465179738824113,0.0217321578429107,0.086406348314779,0.0297539124687743,0.0494376756319519,0.0298987206233125,0.086406348314779,0.0420405387853407,"IYA","summer","NorESM1-M","gbm"
