"shrinkage","interaction.depth","n.minobsinnode","n.trees","Accuracy","Kappa","ROC","Sens","Spec","AUC","Precision","Recall","F","AccuracySD","KappaSD","ROCSD","SensSD","SpecSD","AUCSD","PrecisionSD","RecallSD","FSD","sp","season","climate","method"
0.01,5,20,1000,0.792783099293828,0.242232041369914,0.925602006736915,0.895921568627451,0.787329877704487,0.438238945905381,0.184759092836869,0.895921568627451,0.305415407246554,0.0298649070097247,0.0309678408000917,0.00949539384118474,0.0530571472473107,0.0334571745325314,0.0462729056911883,0.0215164147549321,0.0530571472473107,0.027104672931617,"IYA","summer","ACCESS1-0","gbm"
