"shrinkage","interaction.depth","n.minobsinnode","n.trees","Accuracy","Kappa","ROC","Sens","Spec","AUC","Precision","Recall","F","AccuracySD","KappaSD","ROCSD","SensSD","SpecSD","AUCSD","PrecisionSD","RecallSD","FSD","sp","season","climate","method"
0.01,3,20,2000,0.810248932582589,0.254417605988656,0.920657403171005,0.851885369532428,0.808025503997219,0.408758418709415,0.195025040244904,0.851885369532428,0.31599803956269,0.0334517813212076,0.0337217242954225,0.0128396852435075,0.0732338837711194,0.0382922314206021,0.0376844351116437,0.0242984985768071,0.0732338837711194,0.0293645344462852,"IYA","summer","EC-EARTH","gbm"
