"mtry","splitrule","min.node.size","ROC","Sens","Spec","ROCSD","SensSD","SpecSD","sp","climate","season","method"
3,"gini",1,0.726961729291023,0.612362827977759,0.707149549183398,0.103405228946953,0.233727153628275,0.123487580931982,"IYA","EC-EARTH","summer","rf"
4,"gini",1,0.722061960300682,0.546239638400191,0.73710087969845,0.093698729619974,0.185330399909747,0.0673167009866921,"IYA","EC-EARTH","summer","rf"
5,"gini",1,0.728351246378287,0.592172758705745,0.732977985277309,0.101655296751388,0.198212246623341,0.0669533248885612,"IYA","EC-EARTH","summer","rf"
