"mtry","splitrule","min.node.size","ROC","Sens","Spec","ROCSD","SensSD","SpecSD","sp","climate","season","method"
3,"gini",1,0.723753941514765,0.567924699272904,0.733672037095458,0.0798401113066776,0.190957178019521,0.114452202029427,"IYA","BCC-CSM1.1","summer","rf"
4,"gini",1,0.740327210056387,0.585051501674939,0.73155707529151,0.0846305705231009,0.218003797190847,0.0939265310375633,"IYA","BCC-CSM1.1","summer","rf"
5,"gini",1,0.725217840764886,0.619678048011892,0.703436314258351,0.098954742481378,0.25070197266362,0.123113956828189,"IYA","BCC-CSM1.1","summer","rf"
