"mtry","splitrule","min.node.size","ROC","Sens","Spec","ROCSD","SensSD","SpecSD","sp","climate","season","method"
3,"gini",1,0.757169334510821,0.592297619986258,0.748332369873346,0.0733847006621301,0.190905042697239,0.07147172954143,"IYA","CMCC-CM","summer","rf"
4,"gini",1,0.753525727473291,0.586337885848566,0.752481406722793,0.0859752905570148,0.198636491214041,0.0840995345129645,"IYA","CMCC-CM","summer","rf"
5,"gini",1,0.76133576973721,0.604738349979062,0.739961324168546,0.0714426485490751,0.199494452762548,0.114387523065396,"IYA","CMCC-CM","summer","rf"
