"mtry","splitrule","min.node.size","ROC","Sens","Spec","ROCSD","SensSD","SpecSD","sp","climate","season","method"
3,"gini",1,0.751283855124917,0.591122378565573,0.75069202672933,0.107695183825533,0.234145052534945,0.123999691367944,"IYA","NorESM1-M","summer","rf"
4,"gini",1,0.750214016709074,0.597202848966658,0.731409764646308,0.0937458296511711,0.206752852919362,0.0954739209853133,"IYA","NorESM1-M","summer","rf"
5,"gini",1,0.75257023797723,0.587204933466336,0.744459348477014,0.0948438116739497,0.22461130526455,0.124965017517376,"IYA","NorESM1-M","summer","rf"
