"C","Accuracy","Kappa","ROC","Sens","Spec","AUC","Precision","Recall","F","AccuracySD","KappaSD","ROCSD","SensSD","SpecSD","AUCSD","PrecisionSD","RecallSD","FSD","sp","season","climate","method"
8,0.758979148258394,0.206173794807699,0.887971361819906,0.899132730015083,0.751546391752577,0.262681723571975,0.16172978086079,0.899132730015083,0.274027130212942,0.0181574779551717,0.0227630856364337,0.0127133149948517,0.0455770076370971,0.0183904991893603,0.0386960622145902,0.0131683559695696,0.0455770076370971,0.0204703535098876,"IYA","summer","GISS-E2-H-CC","svm"
