"mtry","splitrule","min.node.size","ROC","Sens","Spec","ROCSD","SensSD","SpecSD","sp","climate","season","method"
3,"gini",1,0.735925120455172,0.539842437422159,0.770437782118967,0.101021599473195,0.230903406913236,0.0588679565661134,"IYA","GISS-E2-H-CC","summer","rf"
4,"gini",1,0.741860300850375,0.60716497844104,0.73312153857486,0.095102608655666,0.231871672513187,0.127844481113358,"IYA","GISS-E2-H-CC","summer","rf"
5,"gini",1,0.72295811098992,0.510935366325104,0.795430466503452,0.0926317974767972,0.154607238313928,0.0537137760952643,"IYA","GISS-E2-H-CC","summer","rf"
