"shrinkage","interaction.depth","n.minobsinnode","n.trees","Accuracy","Kappa","ROC","Sens","Spec","AUC","Precision","Recall","F","AccuracySD","KappaSD","ROCSD","SensSD","SpecSD","AUCSD","PrecisionSD","RecallSD","FSD","sp","season","climate","method"
0.01,3,20,2000,0.815963555721281,0.264136593512158,0.920675891201189,0.856674208144796,0.813778705636743,0.403650352564731,0.20139825596409,0.856674208144796,0.325025981707242,0.0322013446942332,0.0322867607244646,0.0142976831301067,0.0728208263538579,0.0367251542461654,0.0613217378440568,0.022021556996903,0.0728208263538579,0.0283739652086609,"IYA","summer","CanESM2","gbm"
