"mtry","splitrule","min.node.size","ROC","Sens","Spec","ROCSD","SensSD","SpecSD","sp","climate","season","method"
3,"gini",1,0.74789713022307,0.605675974426572,0.721932389873616,0.0872764008280417,0.206439940580978,0.0922340856387645,"IYA","MIROC-ESM","summer","rf"
4,"gini",1,0.733725802558779,0.591750882110651,0.739078202228504,0.0947321472008032,0.20028603848303,0.0862548249146767,"IYA","MIROC-ESM","summer","rf"
5,"gini",1,0.752760682534414,0.5810969340769,0.733739750219401,0.0787441926940568,0.211101910316265,0.0929842955434676,"IYA","MIROC-ESM","summer","rf"
