"mtry","splitrule","min.node.size","ROC","Sens","Spec","ROCSD","SensSD","SpecSD","sp","climate","season","method"
3,"gini",1,0.747784012460913,0.583155394367759,0.75025934319921,0.0779884296227973,0.224874736801711,0.0733908561998468,"IYA","CanESM2","summer","rf"
4,"gini",1,0.750514638867373,0.553978199832602,0.747106189256932,0.062028928944544,0.213360268386102,0.0856527332275334,"IYA","CanESM2","summer","rf"
5,"gini",1,0.757240611249355,0.568367599305093,0.723181600138425,0.0713262432051618,0.228957111366125,0.0951559235038459,"IYA","CanESM2","summer","rf"
