"shrinkage","interaction.depth","n.minobsinnode","n.trees","Accuracy","Kappa","ROC","Sens","Spec","AUC","Precision","Recall","F","AccuracySD","KappaSD","ROCSD","SensSD","SpecSD","AUCSD","PrecisionSD","RecallSD","FSD","sp","season","climate","method"
0.01,5,20,1000,0.799434612692825,0.245432626945813,0.921269775908136,0.877714932126697,0.795243019648397,0.407856054802471,0.187570665487614,0.877714932126697,0.308385823343173,0.0264823756021793,0.027667763698518,0.0182739872506699,0.0824421984715066,0.030486753339062,0.0565336599263076,0.0173668402048763,0.0824421984715066,0.024628383319926,"IYA","summer","MIROC-ESM","gbm"
