"shrinkage","interaction.depth","n.minobsinnode","n.trees","Accuracy","Kappa","ROC","Sens","Spec","AUC","Precision","Recall","F","AccuracySD","KappaSD","ROCSD","SensSD","SpecSD","AUCSD","PrecisionSD","RecallSD","FSD","sp","season","climate","method"
0.01,5,20,1000,0.794850651828701,0.234648665416167,0.917482473988008,0.872204081632653,0.790841432649974,0.388139231820573,0.179534151146562,0.872204081632653,0.297042859942279,0.0293457311646683,0.0354384098232352,0.0168673089057066,0.0589570922725433,0.0319421806605387,0.0719993698992161,0.0229586989053751,0.0589570922725433,0.0316090426053701,"IYA","summer","CMCC-CM","gbm"
