"shrinkage","interaction.depth","n.minobsinnode","n.trees","Accuracy","Kappa","ROC","Sens","Spec","AUC","Precision","Recall","F","AccuracySD","KappaSD","ROCSD","SensSD","SpecSD","AUCSD","PrecisionSD","RecallSD","FSD","sp","season","climate","method"
0.01,5,20,2000,0.815456234115219,0.262402420091745,0.921725470578884,0.862588235294118,0.812961758584807,0.412537765578537,0.199313430925643,0.862588235294118,0.3227636775074,0.0296598811265852,0.031964232040497,0.0130435963767786,0.0529071786260902,0.0331031989277587,0.0649291799032129,0.0222715476331718,0.0529071786260902,0.0276558893767344,"IYA","summer","BCC-CSM1.1","gbm"
