"shrinkage","interaction.depth","n.minobsinnode","n.trees","Accuracy","Kappa","ROC","Sens","Spec","AUC","Precision","Recall","F","AccuracySD","KappaSD","ROCSD","SensSD","SpecSD","AUCSD","PrecisionSD","RecallSD","FSD","sp","season","climate","method"
0.01,5,20,1000,0.795979729017444,0.246499617117224,0.925296080763788,0.893401206636501,0.790824742268041,0.421062392003715,0.187758458876359,0.893401206636501,0.309319479618709,0.0324157706493775,0.0359872815568451,0.0109294237684297,0.0492228868360278,0.035544840941765,0.0573543746756136,0.0242917200671014,0.0492228868360278,0.0317057644489106,"IYA","summer","GISS-E2-H-CC","gbm"
