"C","Accuracy","Kappa","ROC","Sens","Spec","AUC","Precision","Recall","F","AccuracySD","KappaSD","ROCSD","SensSD","SpecSD","AUCSD","PrecisionSD","RecallSD","FSD","sp","season","climate","method"
16,0.880499731610095,0.350650156768605,0.931008637735471,0.816029161706707,0.88377364253668,0.480347822720909,0.263433582553684,0.816029161706707,0.398116288343715,0.00761698189838452,0.0168327734612845,0.00332059535608927,0.00799710706235718,0.00806732456154409,0.0186196282883246,0.0131311303269718,0.00799710706235718,0.015023445073826,"KIN","winter","ACCESS1-0","svm"
