"C","Accuracy","Kappa","ROC","Sens","Spec","AUC","Precision","Recall","F","AccuracySD","KappaSD","ROCSD","SensSD","SpecSD","AUCSD","PrecisionSD","RecallSD","FSD","sp","season","climate","method"
32,0.854861468854418,0.340225929309266,0.947805284895721,0.887840414854466,0.853010110294118,0.521615741985891,0.254024158449065,0.887840414854466,0.394784517385705,0.0112943428473097,0.021129220489351,0.00540321578992193,0.0183560686635112,0.0120910703753063,0.0553175265173963,0.015319720489336,0.0183560686635112,0.0186980962349656,"LMS","summer","ACCESS1-0","svm"
