"C","Accuracy","Kappa","ROC","Sens","Spec","AUC","Precision","Recall","F","AccuracySD","KappaSD","ROCSD","SensSD","SpecSD","AUCSD","PrecisionSD","RecallSD","FSD","sp","season","climate","method"
32,0.803818445801743,0.271813071430057,0.911854397073331,0.871807051989355,0.799644170799116,0.361194338486775,0.210930919699088,0.871807051989355,0.339650067107508,0.00552560593105741,0.00770146039904492,0.00468990075853064,0.00950855537189029,0.00591481587940967,0.0163740360903787,0.00504025961503849,0.00950855537189029,0.00670661943220632,"LMS","winter","ACCESS1-0","svm"
