"method","select","Accuracy","Kappa","ROC","Sens","Spec","AUC","Precision","Recall","F","AccuracySD","KappaSD","ROCSD","SensSD","SpecSD","AUCSD","PrecisionSD","RecallSD","FSD","sp","season","climate"
"gam",FALSE,0.735559979353167,0.135586943874893,0.709280432307324,0.641501501501502,0.74031438865289,0.112601024445662,0.127545599243916,0.641501501501502,0.20475666600348,0.113512373549785,0.0612633150108865,0.0685776055677107,0.12793758405999,0.124624968967338,0.17281700713554,0.0446597379035691,0.12793758405999,0.0508422006504441,"MAC","summer","CanESM2"
