"C","Accuracy","Kappa","ROC","Sens","Spec","AUC","Precision","Recall","F","AccuracySD","KappaSD","ROCSD","SensSD","SpecSD","AUCSD","PrecisionSD","RecallSD","FSD","sp","season","climate","method"
16,0.783267600446087,0.236262943968689,0.907975093723305,0.911713457283808,0.776321783393027,0.292819428234761,0.180756034732485,0.911713457283808,0.301663586681256,0.00816310822417658,0.0102501483571777,0.0058302810196099,0.0141282619948447,0.00846958496490551,0.020694560331128,0.00620216688254435,0.0141282619948447,0.00904035149998091,"WAB","winter","ACCESS1-0","svm"
